date,BCSMASS,DUCMASS25,OCSMASS,PM2_5_proxy,SO2_CMASS,SO2_SMASS,SO4CMASS,SSCMASS25,TO3_dobson
1/1/2014,9.75E-10,2.43E-06,4.13E-09,1.24E-05,4.65E-07,5.24E-10,6.72E-06,3.25E-06,244.9567502
1/2/2014,1.22E-09,1.96E-06,5.19E-09,1.23E-05,4.22E-07,4.73E-10,7.66E-06,2.66E-06,239.031517
1/3/2014,1.54E-09,2.06E-06,6.52E-09,1.53E-05,5.98E-07,7.91E-10,1.07E-05,2.49E-06,238.5507355
1/4/2014,1.52E-09,1.40E-06,6.47E-09,1.25E-05,1.04E-06,1.06E-09,8.64E-06,2.50E-06,235.7096418
1/5/2014,1.61E-09,1.87E-06,6.88E-09,1.38E-05,5.95E-07,8.85E-10,1.02E-05,1.71E-06,238.4155807
1/6/2014,1.34E-09,2.01E-06,5.71E-09,1.11E-05,4.72E-07,5.89E-10,7.87E-06,1.24E-06,241.5379601
1/7/2014,1.21E-09,1.86E-06,5.15E-09,1.03E-05,7.24E-07,7.05E-10,6.29E-06,2.14E-06,245.1416308
1/8/2014,1.26E-09,2.24E-06,5.39E-09,1.33E-05,1.00E-06,9.29E-10,8.33E-06,2.68E-06,245.1073647
1/9/2014,1.34E-09,2.24E-06,5.68E-09,1.47E-05,1.03E-06,7.86E-10,9.73E-06,2.70E-06,238.8661842
1/10/2014,1.63E-09,2.26E-06,6.87E-09,1.67E-05,1.05E-06,8.13E-10,1.26E-05,1.86E-06,240.2652931
1/11/2014,1.26E-09,2.33E-06,5.55E-09,1.64E-05,1.17E-06,8.89E-10,1.17E-05,2.40E-06,240.2284915
1/12/2014,7.81E-10,2.37E-06,3.49E-09,1.35E-05,1.60E-06,1.06E-09,8.60E-06,2.49E-06,237.8115336
1/13/2014,7.06E-10,1.59E-06,3.19E-09,8.61E-06,9.43E-07,7.46E-10,5.07E-06,1.95E-06,236.5219167
1/14/2014,8.68E-10,1.01E-06,3.88E-09,1.05E-05,1.78E-06,1.35E-09,6.05E-06,3.42E-06,237.0730031
1/15/2014,1.20E-09,9.96E-07,5.27E-09,1.56E-05,1.98E-06,1.25E-09,1.00E-05,4.54E-06,237.9634323
1/16/2014,1.37E-09,1.84E-06,5.76E-09,2.59E-05,1.51E-06,9.40E-10,2.08E-05,3.29E-06,240.0167923
1/17/2014,1.32E-09,1.85E-06,5.48E-09,2.54E-05,1.19E-06,8.69E-10,2.11E-05,2.48E-06,241.110714
1/18/2014,1.16E-09,1.59E-06,4.91E-09,1.73E-05,1.20E-06,1.23E-09,1.37E-05,1.95E-06,242.0535049
1/19/2014,7.20E-10,1.38E-06,3.03E-09,8.67E-06,4.20E-07,5.51E-10,5.68E-06,1.61E-06,242.0281588
1/20/2014,6.32E-10,1.36E-06,2.60E-09,6.76E-06,6.54E-07,7.49E-10,4.45E-06,9.45E-07,242.7142537
1/21/2014,8.77E-10,1.62E-06,3.71E-09,1.36E-05,1.15E-06,1.06E-09,9.18E-06,2.83E-06,242.144427
1/22/2014,1.00E-09,1.65E-06,4.29E-09,1.62E-05,1.82E-06,2.21E-09,9.33E-06,5.24E-06,239.6505508
1/23/2014,1.09E-09,1.55E-06,4.64E-09,1.61E-05,2.25E-06,2.11E-09,9.59E-06,5.00E-06,241.6556129
1/24/2014,9.20E-10,1.40E-06,3.87E-09,1.54E-05,1.35E-06,1.11E-09,1.06E-05,3.31E-06,242.4367727
1/25/2014,1.10E-09,1.23E-06,4.60E-09,1.45E-05,1.41E-06,1.11E-09,1.17E-05,1.60E-06,241.7968547
1/26/2014,1.31E-09,1.54E-06,5.56E-09,1.65E-05,2.67E-06,1.69E-09,1.26E-05,2.38E-06,246.8419317
1/27/2014,8.11E-10,2.49E-06,3.86E-09,1.35E-05,1.49E-06,1.31E-09,7.16E-06,3.80E-06,246.5466639
1/28/2014,1.06E-09,2.41E-06,4.76E-09,1.88E-05,9.74E-07,9.91E-10,1.33E-05,2.99E-06,247.7166494
1/29/2014,1.06E-09,2.61E-06,4.90E-09,1.33E-05,1.31E-06,1.41E-09,8.50E-06,2.16E-06,249.3252118
1/30/2014,1.55E-09,2.84E-06,7.44E-09,2.89E-05,1.65E-06,9.61E-10,2.22E-05,3.85E-06,253.3970146
1/31/2014,1.24E-09,3.19E-06,6.10E-09,1.91E-05,1.59E-06,9.63E-10,1.27E-05,3.17E-06,254.0901864
2/1/2014,1.15E-09,3.99E-06,5.73E-09,1.60E-05,1.20E-06,6.83E-10,9.25E-06,2.75E-06,248.9645913
2/2/2014,1.20E-09,4.43E-06,6.06E-09,1.42E-05,1.40E-06,1.50E-09,7.27E-06,2.53E-06,242.1089954
2/3/2014,1.80E-09,6.10E-06,8.25E-09,1.83E-05,2.41E-06,2.19E-09,1.07E-05,1.48E-06,242.460228
2/4/2014,2.28E-09,1.02E-05,1.04E-08,3.12E-05,3.35E-06,3.19E-09,1.89E-05,2.07E-06,250.204628
2/5/2014,1.65E-09,8.32E-06,7.51E-09,2.27E-05,4.88E-06,4.38E-09,1.20E-05,2.32E-06,248.1546809
2/6/2014,1.45E-09,9.12E-06,6.57E-09,2.67E-05,5.21E-06,5.08E-09,1.52E-05,2.33E-06,247.6866468
2/7/2014,1.36E-09,6.02E-06,6.46E-09,1.77E-05,4.58E-06,4.37E-09,1.10E-05,6.87E-07,251.6821238
2/8/2014,1.23E-09,7.39E-06,5.68E-09,1.91E-05,3.24E-06,2.50E-09,1.02E-05,1.47E-06,249.8805758
2/9/2014,1.30E-09,9.33E-06,5.95E-09,2.51E-05,4.17E-06,2.51E-09,1.35E-05,2.27E-06,244.8380699
2/10/2014,1.11E-09,1.09E-05,5.03E-09,2.74E-05,6.93E-06,2.78E-09,1.31E-05,3.40E-06,243.2634608
2/11/2014,1.22E-09,1.08E-05,5.53E-09,3.19E-05,5.63E-06,2.15E-09,1.62E-05,4.90E-06,245.8555361
2/12/2014,9.07E-10,1.08E-05,4.14E-09,2.79E-05,6.52E-06,2.43E-09,1.23E-05,4.87E-06,244.6876767
2/13/2014,1.16E-09,1.28E-05,5.24E-09,4.19E-05,4.45E-06,1.84E-09,2.24E-05,6.66E-06,245.8989182
2/14/2014,1.08E-09,1.10E-05,4.74E-09,4.00E-05,2.46E-06,1.24E-09,2.14E-05,7.66E-06,247.212827
2/15/2014,1.17E-09,9.03E-06,5.20E-09,3.88E-05,2.69E-06,2.07E-09,2.19E-05,7.86E-06,248.696345
2/16/2014,1.48E-09,1.05E-05,6.80E-09,3.18E-05,1.59E-06,1.66E-09,1.58E-05,5.47E-06,253.2978363
2/17/2014,1.09E-09,9.44E-06,4.80E-09,2.56E-05,9.46E-07,8.62E-10,1.23E-05,3.86E-06,255.7587013
2/18/2014,7.26E-10,7.44E-06,2.90E-09,2.19E-05,1.16E-06,7.80E-10,1.12E-05,3.25E-06,258.0474472
2/19/2014,8.41E-10,6.66E-06,3.44E-09,2.30E-05,8.64E-07,7.40E-10,1.17E-05,4.63E-06,253.3062782
2/20/2014,1.17E-09,7.62E-06,4.82E-09,3.28E-05,1.40E-06,1.36E-09,1.84E-05,6.76E-06,254.5683161
2/21/2014,1.25E-09,8.81E-06,5.17E-09,4.55E-05,2.76E-06,2.20E-09,2.81E-05,8.61E-06,256.1554159
2/22/2014,1.36E-09,7.98E-06,5.59E-09,4.89E-05,2.13E-06,2.17E-09,3.23E-05,8.65E-06,254.6805458
2/23/2014,9.05E-10,4.85E-06,3.89E-09,2.32E-05,2.00E-06,1.54E-09,1.42E-05,4.10E-06,251.0338974
2/24/2014,5.35E-10,2.46E-06,2.25E-09,9.00E-06,6.56E-07,6.49E-10,5.03E-06,1.51E-06,254.6357549
2/25/2014,6.48E-10,2.70E-06,2.81E-09,1.18E-05,1.19E-06,1.14E-09,6.71E-06,2.34E-06,255.421257
2/26/2014,6.29E-10,2.19E-06,2.91E-09,8.83E-06,1.20E-06,9.78E-10,4.91E-06,1.72E-06,258.9678294
2/27/2014,6.41E-10,3.40E-06,2.94E-09,1.21E-05,2.29E-06,8.30E-10,6.31E-06,2.40E-06,259.727253
2/28/2014,7.66E-10,3.69E-06,3.65E-09,2.69E-05,3.16E-06,1.29E-09,1.98E-05,3.45E-06,254.916097
3/1/2014,1.09E-09,3.29E-06,5.18E-09,3.49E-05,1.64E-06,1.21E-09,2.75E-05,4.11E-06,259.4724922
3/2/2014,1.03E-09,4.07E-06,4.72E-09,2.43E-05,1.09E-06,9.12E-10,1.63E-05,3.89E-06,252.3664703
3/3/2014,8.98E-10,7.09E-06,4.10E-09,2.29E-05,1.53E-06,7.61E-10,1.27E-05,3.10E-06,250.1574936
3/4/2014,7.84E-10,1.76E-05,3.65E-09,3.23E-05,1.78E-06,8.76E-10,1.12E-05,3.47E-06,255.8017069
3/5/2014,5.96E-10,1.74E-05,2.76E-09,3.06E-05,1.23E-06,9.55E-10,9.54E-06,3.66E-06,257.4009069
3/6/2014,8.78E-10,1.47E-05,3.97E-09,3.56E-05,1.43E-06,1.56E-09,1.73E-05,3.72E-06,255.430088
3/7/2014,7.78E-10,1.03E-05,3.42E-09,2.55E-05,1.54E-06,1.37E-09,1.17E-05,3.49E-06,255.0897586
3/8/2014,7.80E-10,1.37E-05,3.42E-09,2.85E-05,1.74E-06,1.53E-09,1.13E-05,3.53E-06,252.0387828
3/9/2014,9.06E-10,1.29E-05,3.87E-09,2.61E-05,1.90E-06,1.80E-09,9.57E-06,3.63E-06,249.1887105
3/10/2014,1.06E-09,1.17E-05,4.81E-09,2.62E-05,2.06E-06,1.90E-09,1.10E-05,3.49E-06,248.282992
3/11/2014,1.01E-09,9.35E-06,4.96E-09,2.09E-05,1.63E-06,1.73E-09,8.02E-06,3.52E-06,247.0135918
3/12/2014,9.50E-10,4.93E-06,5.49E-09,1.28E-05,1.26E-06,1.91E-09,5.54E-06,2.29E-06,253.4989192
3/13/2014,1.11E-09,6.73E-06,6.22E-09,1.67E-05,2.11E-06,2.81E-09,8.25E-06,1.70E-06,257.6590881
3/14/2014,1.04E-09,1.01E-05,6.55E-09,1.78E-05,2.34E-06,3.22E-09,6.66E-06,1.05E-06,263.0426699
3/15/2014,9.31E-10,1.41E-05,5.13E-09,2.33E-05,2.46E-06,2.82E-09,7.30E-06,1.90E-06,264.3177287
3/16/2014,1.07E-09,1.35E-05,5.92E-09,2.24E-05,3.23E-06,3.30E-09,8.16E-06,7.37E-07,264.1522764
3/17/2014,1.04E-09,1.41E-05,6.90E-09,2.46E-05,3.26E-06,3.21E-09,8.59E-06,1.87E-06,267.2300657
3/18/2014,1.04E-09,8.20E-06,7.69E-09,1.45E-05,2.45E-06,2.41E-09,5.13E-06,1.14E-06,264.736014
3/19/2014,1.09E-09,8.15E-06,7.58E-09,1.66E-05,2.02E-06,2.05E-09,6.61E-06,1.83E-06,263.8866933
3/20/2014,1.01E-09,1.08E-05,6.29E-09,1.96E-05,2.87E-06,2.43E-09,7.31E-06,1.54E-06,263.8914235
3/21/2014,1.20E-09,2.08E-05,7.90E-09,3.85E-05,4.09E-06,2.92E-09,1.43E-05,3.32E-06,262.9008904
3/22/2014,1.13E-09,2.37E-05,7.12E-09,4.51E-05,4.91E-06,3.32E-09,1.77E-05,3.80E-06,261.893954
3/23/2014,1.00E-09,1.74E-05,6.25E-09,3.63E-05,3.89E-06,2.69E-09,1.45E-05,4.51E-06,259.2278989
3/24/2014,9.41E-10,1.57E-05,5.67E-09,2.93E-05,1.63E-06,1.78E-09,9.85E-06,3.79E-06,262.0258853
3/25/2014,1.13E-09,1.80E-05,7.50E-09,3.13E-05,2.21E-06,1.97E-09,1.07E-05,2.73E-06,260.6025124
3/26/2014,1.16E-09,2.56E-05,7.06E-09,4.30E-05,1.74E-06,1.76E-09,1.37E-05,3.76E-06,259.0800819
3/27/2014,9.40E-10,2.17E-05,5.26E-09,3.19E-05,1.56E-06,1.51E-09,8.57E-06,1.58E-06,261.9009616
3/28/2014,1.23E-09,2.31E-05,7.10E-09,4.20E-05,2.73E-06,2.02E-09,1.58E-05,3.18E-06,263.5565605
3/29/2014,1.51E-09,2.48E-05,9.19E-09,4.61E-05,3.08E-06,2.50E-09,1.75E-05,3.82E-06,267.8866336
3/30/2014,1.75E-09,2.76E-05,1.01E-08,6.02E-05,7.02E-06,4.75E-09,2.77E-05,4.88E-06,265.1431389
3/31/2014,2.08E-09,3.04E-05,1.36E-08,7.88E-05,8.39E-06,5.76E-09,4.19E-05,6.44E-06,264.3396454
4/1/2014,1.78E-09,3.03E-05,1.14E-08,7.18E-05,7.93E-06,5.70E-09,3.39E-05,7.63E-06,259.8912226
4/2/2014,1.96E-09,3.13E-05,1.35E-08,8.46E-05,7.15E-06,4.89E-09,4.21E-05,1.12E-05,262.794974
4/3/2014,1.74E-09,2.47E-05,1.20E-08,6.95E-05,4.27E-06,3.76E-09,3.52E-05,9.62E-06,261.7408702
4/4/2014,1.68E-09,2.45E-05,1.18E-08,5.63E-05,3.74E-06,3.27E-09,2.52E-05,6.64E-06,261.8530553
4/5/2014,1.46E-09,2.89E-05,1.05E-08,5.17E-05,3.22E-06,2.23E-09,1.78E-05,4.93E-06,271.478953
4/6/2014,1.06E-09,3.46E-05,7.20E-09,4.96E-05,4.06E-06,3.08E-09,1.13E-05,3.68E-06,271.3108431
4/7/2014,1.04E-09,3.42E-05,6.53E-09,4.93E-05,5.13E-06,4.67E-09,1.06E-05,4.46E-06,269.8877462
4/8/2014,1.14E-09,2.49E-05,6.27E-09,4.10E-05,6.03E-06,3.85E-09,1.20E-05,4.04E-06,269.0704931
4/9/2014,1.68E-09,3.77E-05,1.02E-08,7.56E-05,4.45E-06,2.87E-09,2.90E-05,8.85E-06,272.6048546
4/10/2014,1.46E-09,3.11E-05,9.22E-09,6.35E-05,4.95E-06,3.72E-09,2.43E-05,8.12E-06,269.055776
4/11/2014,1.40E-09,3.24E-05,9.24E-09,6.48E-05,4.92E-06,3.48E-09,2.43E-05,8.14E-06,273.7964821
4/12/2014,1.61E-09,3.95E-05,1.04E-08,7.93E-05,4.62E-06,3.50E-09,3.05E-05,9.26E-06,276.0706075
4/13/2014,1.55E-09,4.33E-05,1.05E-08,8.62E-05,2.60E-06,2.33E-09,3.42E-05,8.68E-06,275.1330592
4/14/2014,1.44E-09,4.10E-05,9.84E-09,7.45E-05,1.77E-06,1.43E-09,2.63E-05,7.20E-06,272.4871267
4/15/2014,1.48E-09,3.91E-05,9.92E-09,6.90E-05,2.17E-06,2.03E-09,2.29E-05,7.00E-06,269.9643173
4/16/2014,1.45E-09,4.42E-05,9.34E-09,7.61E-05,4.17E-06,4.12E-09,2.37E-05,8.20E-06,273.9143664
4/17/2014,1.07E-09,3.05E-05,6.53E-09,4.88E-05,4.25E-06,4.33E-09,1.34E-05,4.91E-06,271.2149862
4/18/2014,9.35E-10,4.51E-05,5.67E-09,7.21E-05,3.23E-06,2.21E-09,2.00E-05,6.92E-06,275.2135824
4/19/2014,9.51E-10,3.91E-05,5.65E-09,6.02E-05,2.33E-06,1.93E-09,1.61E-05,5.00E-06,271.6603584
4/20/2014,9.92E-10,2.70E-05,5.93E-09,4.05E-05,2.66E-06,2.52E-09,1.10E-05,2.44E-06,268.6148567
4/21/2014,1.03E-09,2.53E-05,6.73E-09,3.87E-05,2.44E-06,1.88E-09,1.08E-05,2.56E-06,264.214723
4/22/2014,1.15E-09,1.62E-05,8.80E-09,2.93E-05,2.71E-06,2.13E-09,1.05E-05,2.62E-06,264.7526932
4/23/2014,1.16E-09,2.28E-05,8.06E-09,4.09E-05,3.16E-06,2.53E-09,1.47E-05,3.31E-06,262.7838186
4/24/2014,9.08E-10,1.28E-05,5.58E-09,2.50E-05,5.10E-06,3.77E-09,9.53E-06,2.62E-06,263.8670959
4/25/2014,9.49E-10,1.83E-05,5.17E-09,3.64E-05,5.61E-06,4.16E-09,1.36E-05,4.44E-06,264.1014201
4/26/2014,9.02E-10,2.32E-05,4.89E-09,4.58E-05,5.53E-06,4.59E-09,1.71E-05,5.47E-06,261.710247
4/27/2014,1.06E-09,3.22E-05,6.10E-09,5.96E-05,4.17E-06,4.34E-09,2.07E-05,6.67E-06,261.0425542
4/28/2014,1.12E-09,3.02E-05,6.28E-09,5.20E-05,5.42E-06,4.22E-09,1.69E-05,4.91E-06,260.790568
4/29/2014,1.19E-09,2.92E-05,6.66E-09,5.58E-05,6.77E-06,5.52E-09,2.03E-05,6.29E-06,259.8215866
4/30/2014,8.14E-10,2.11E-05,4.44E-09,4.13E-05,4.69E-06,4.10E-09,1.59E-05,4.32E-06,267.2286161
5/1/2014,1.08E-09,1.38E-05,5.23E-09,2.92E-05,5.75E-06,4.11E-09,1.20E-05,3.38E-06,272.0601959
5/2/2014,7.56E-10,2.15E-05,3.71E-09,4.12E-05,5.22E-06,3.65E-09,1.43E-05,5.39E-06,273.9153061
5/3/2014,4.26E-10,1.44E-05,2.09E-09,2.67E-05,2.28E-06,1.59E-09,8.36E-06,3.88E-06,274.7805634
5/4/2014,4.13E-10,1.73E-05,1.90E-09,2.82E-05,1.12E-06,8.04E-10,7.06E-06,3.84E-06,269.729688
5/5/2014,3.48E-10,1.82E-05,1.62E-09,2.86E-05,1.10E-06,5.93E-10,6.69E-06,3.64E-06,266.6239154
5/6/2014,3.15E-10,4.34E-06,1.31E-09,8.11E-06,5.07E-07,5.16E-10,2.80E-06,9.69E-07,269.4742839
5/7/2014,5.10E-10,1.63E-06,1.95E-09,5.21E-06,4.81E-07,6.03E-10,2.10E-06,1.48E-06,264.5032387
5/8/2014,7.48E-10,3.77E-06,2.89E-09,7.54E-06,1.39E-06,1.95E-09,2.46E-06,1.30E-06,266.9960225
5/9/2014,7.87E-10,1.81E-05,3.10E-09,2.48E-05,1.00E-06,1.11E-09,4.81E-06,1.83E-06,272.093413
5/10/2014,9.44E-10,3.37E-05,3.96E-09,4.62E-05,1.45E-06,1.70E-09,7.92E-06,4.56E-06,275.0985794
5/11/2014,1.31E-09,4.57E-05,5.60E-09,6.41E-05,1.92E-06,2.36E-09,1.14E-05,7.04E-06,274.7183393
5/12/2014,1.07E-09,2.60E-05,4.63E-09,3.86E-05,3.70E-06,3.64E-09,6.68E-06,5.88E-06,270.227253
5/13/2014,1.44E-09,3.82E-05,6.17E-09,6.02E-05,5.11E-06,4.04E-09,1.29E-05,9.14E-06,266.9490509
5/14/2014,1.01E-09,2.37E-05,4.17E-09,4.04E-05,2.52E-06,2.20E-09,8.41E-06,8.27E-06,269.2711678
5/15/2014,9.77E-10,2.29E-05,4.08E-09,3.51E-05,2.42E-06,2.13E-09,5.72E-06,6.48E-06,270.0869293
5/16/2014,1.24E-09,2.16E-05,5.24E-09,3.39E-05,2.98E-06,2.45E-09,6.68E-06,5.61E-06,272.6474851
5/17/2014,1.31E-09,3.16E-05,5.66E-09,5.21E-05,3.46E-06,2.81E-09,1.39E-05,6.57E-06,271.5299644
5/18/2014,1.43E-09,4.40E-05,6.53E-09,6.74E-05,4.68E-06,3.79E-09,1.82E-05,5.12E-06,280.9613177
5/19/2014,1.42E-09,3.20E-05,6.51E-09,5.19E-05,8.48E-06,6.03E-09,1.52E-05,4.71E-06,280.5203692
5/20/2014,1.19E-09,5.96E-05,5.63E-09,8.88E-05,4.81E-06,2.96E-09,2.39E-05,5.29E-06,276.6740316
5/21/2014,8.95E-10,3.28E-05,3.71E-09,4.80E-05,2.63E-06,1.89E-09,1.25E-05,2.69E-06,279.3976568
5/22/2014,9.06E-10,3.62E-05,3.78E-09,5.51E-05,1.89E-06,1.34E-09,1.48E-05,3.99E-06,281.5259247
5/23/2014,8.76E-10,3.83E-05,3.46E-09,5.77E-05,4.08E-06,1.82E-09,1.32E-05,6.26E-06,282.8867442
5/24/2014,1.23E-09,4.63E-05,5.18E-09,7.04E-05,4.25E-06,2.42E-09,1.54E-05,8.70E-06,284.2990405
5/25/2014,9.51E-10,5.28E-05,3.96E-09,8.42E-05,5.07E-06,2.31E-09,1.96E-05,1.18E-05,282.0108821
5/26/2014,1.07E-09,3.41E-05,4.47E-09,5.70E-05,4.52E-06,2.64E-09,1.34E-05,9.40E-06,279.3901037
5/27/2014,1.39E-09,3.84E-05,5.85E-09,6.16E-05,3.32E-06,2.79E-09,1.57E-05,7.49E-06,283.3597692
5/28/2014,9.95E-10,1.65E-05,4.22E-09,2.90E-05,3.59E-06,2.90E-09,7.89E-06,4.56E-06,277.6151098
5/29/2014,1.04E-09,2.48E-05,4.25E-09,4.52E-05,3.83E-06,2.55E-09,1.56E-05,4.80E-06,277.1191228
5/30/2014,1.11E-09,3.11E-05,4.42E-09,4.85E-05,3.93E-06,2.11E-09,1.33E-05,4.03E-06,282.4497375
5/31/2014,9.39E-10,4.01E-05,3.74E-09,6.04E-05,3.56E-06,1.88E-09,1.47E-05,5.63E-06,285.4625015
6/1/2014,1.01E-09,4.92E-05,4.14E-09,7.40E-05,5.63E-06,2.35E-09,1.66E-05,8.18E-06,280.5874214
6/2/2014,1.11E-09,4.55E-05,4.60E-09,7.02E-05,4.86E-06,2.99E-09,1.68E-05,7.95E-06,274.4942665
6/3/2014,1.10E-09,3.99E-05,4.43E-09,6.23E-05,2.50E-06,2.03E-09,1.67E-05,5.81E-06,275.3868027
6/4/2014,9.83E-10,3.08E-05,3.93E-09,5.17E-05,2.64E-06,2.10E-09,1.50E-05,5.84E-06,274.5696081
6/5/2014,1.16E-09,3.61E-05,4.46E-09,5.64E-05,2.50E-06,1.85E-09,1.60E-05,4.37E-06,277.3949788
6/6/2014,8.88E-10,2.22E-05,3.18E-09,3.73E-05,3.18E-06,1.61E-09,1.13E-05,3.71E-06,274.6732712
6/7/2014,5.62E-10,2.62E-05,2.08E-09,4.16E-05,2.37E-06,1.03E-09,1.18E-05,3.59E-06,277.5387675
6/8/2014,6.33E-10,4.08E-05,2.40E-09,6.42E-05,1.91E-06,1.08E-09,1.64E-05,6.94E-06,282.244634
6/9/2014,6.44E-10,5.93E-05,2.43E-09,8.70E-05,1.32E-06,1.11E-09,2.03E-05,7.44E-06,283.6943258
6/10/2014,4.72E-10,3.10E-05,1.74E-09,4.70E-05,1.14E-06,8.12E-10,1.22E-05,3.72E-06,284.5918388
6/11/2014,4.83E-10,1.38E-05,1.82E-09,2.18E-05,1.06E-06,9.80E-10,5.65E-06,2.34E-06,279.7698987
6/12/2014,4.68E-10,1.52E-05,1.75E-09,2.29E-05,1.38E-06,9.56E-10,5.47E-06,2.19E-06,276.5719185
6/13/2014,5.20E-10,1.88E-05,1.92E-09,2.83E-05,1.28E-06,1.03E-09,5.78E-06,3.68E-06,276.0707753
6/14/2014,5.01E-10,2.36E-05,1.87E-09,3.15E-05,1.18E-06,1.20E-09,4.71E-06,3.18E-06,277.7289874
6/15/2014,4.60E-10,1.73E-05,1.76E-09,2.37E-05,1.18E-06,1.41E-09,4.36E-06,2.05E-06,279.1006266
6/16/2014,5.19E-10,1.78E-05,1.91E-09,2.43E-05,1.21E-06,1.15E-09,4.07E-06,2.36E-06,277.9766986
6/17/2014,4.43E-10,3.52E-05,1.64E-09,4.48E-05,1.06E-06,1.16E-09,4.27E-06,5.25E-06,277.2327868
6/18/2014,4.61E-10,3.95E-05,1.74E-09,5.08E-05,1.11E-06,9.63E-10,4.74E-06,6.60E-06,273.9333293
6/19/2014,4.03E-10,5.42E-05,1.51E-09,6.59E-05,1.48E-06,9.32E-10,5.10E-06,6.63E-06,273.5391248
6/20/2014,4.40E-10,6.14E-05,1.67E-09,7.37E-05,1.61E-06,1.05E-09,5.20E-06,7.12E-06,273.4142799
6/21/2014,4.64E-10,4.40E-05,1.72E-09,5.42E-05,1.57E-06,9.58E-10,4.67E-06,5.56E-06,271.7878774
6/22/2014,5.45E-10,4.98E-05,2.00E-09,6.06E-05,1.66E-06,9.86E-10,5.49E-06,5.32E-06,272.7676074
6/23/2014,5.30E-10,5.63E-05,1.96E-09,6.95E-05,1.46E-06,8.37E-10,6.22E-06,7.03E-06,270.3687223
6/24/2014,4.55E-10,5.86E-05,1.76E-09,7.49E-05,1.46E-06,8.81E-10,7.42E-06,8.86E-06,272.8659032
6/25/2014,4.54E-10,4.16E-05,1.78E-09,5.70E-05,1.35E-06,9.49E-10,6.92E-06,8.57E-06,272.793649
6/26/2014,7.81E-10,3.99E-05,3.05E-09,6.06E-05,1.44E-06,1.56E-09,7.27E-06,1.34E-05,272.1243299
6/27/2014,9.38E-10,2.69E-05,3.71E-09,4.31E-05,1.90E-06,1.83E-09,6.50E-06,9.66E-06,272.5696042
6/28/2014,9.36E-10,4.03E-05,3.61E-09,5.66E-05,2.16E-06,2.20E-09,6.51E-06,9.79E-06,273.9664536
6/29/2014,7.98E-10,1.81E-05,2.87E-09,2.63E-05,1.98E-06,1.72E-09,4.83E-06,3.41E-06,273.1250598
6/30/2014,7.70E-10,3.19E-05,2.81E-09,4.57E-05,1.71E-06,1.31E-09,6.79E-06,6.97E-06,267.8107541
7/1/2014,7.03E-10,3.75E-05,2.56E-09,5.14E-05,1.43E-06,1.18E-09,6.60E-06,7.30E-06,270.458149
7/2/2014,5.49E-10,2.52E-05,2.03E-09,3.46E-05,1.29E-06,1.09E-09,4.45E-06,4.99E-06,269.7746722
7/3/2014,5.27E-10,1.67E-05,1.97E-09,2.42E-05,1.24E-06,1.00E-09,4.52E-06,2.97E-06,272.1302109
7/4/2014,5.02E-10,1.54E-05,1.91E-09,2.40E-05,1.10E-06,9.92E-10,3.50E-06,5.06E-06,271.5277418
7/5/2014,5.41E-10,1.06E-05,2.04E-09,1.64E-05,1.25E-06,1.09E-09,3.15E-06,2.73E-06,276.3158607
7/6/2014,5.09E-10,1.90E-05,1.95E-09,2.55E-05,1.04E-06,1.26E-09,3.66E-06,2.85E-06,269.9301605
7/7/2014,5.95E-10,3.18E-05,2.28E-09,3.85E-05,9.85E-07,1.17E-09,4.07E-06,2.67E-06,269.8867556
7/8/2014,5.20E-10,2.57E-05,1.96E-09,3.03E-05,9.38E-07,1.28E-09,2.81E-06,1.79E-06,269.3080877
7/9/2014,5.32E-10,2.85E-05,1.98E-09,3.35E-05,9.85E-07,1.26E-09,3.15E-06,1.82E-06,269.4275551
7/10/2014,4.46E-10,1.55E-05,1.54E-09,2.00E-05,7.50E-07,9.77E-10,3.00E-06,1.40E-06,272.421327
7/11/2014,5.01E-10,2.48E-05,1.78E-09,3.02E-05,7.73E-07,1.11E-09,3.02E-06,2.36E-06,269.1778081
7/12/2014,4.80E-10,2.37E-05,1.71E-09,3.04E-05,1.15E-06,8.93E-10,3.26E-06,3.43E-06,269.3802325
7/13/2014,3.61E-10,2.97E-05,1.35E-09,3.62E-05,1.04E-06,1.01E-09,3.14E-06,3.29E-06,265.1905467
7/14/2014,3.56E-10,2.62E-05,1.30E-09,3.33E-05,1.21E-06,1.09E-09,3.59E-06,3.51E-06,264.4050865
7/15/2014,4.00E-10,2.33E-05,1.44E-09,2.95E-05,1.17E-06,1.16E-09,3.56E-06,2.63E-06,267.8612506
7/16/2014,4.27E-10,5.05E-05,1.60E-09,6.18E-05,1.58E-06,8.69E-10,5.80E-06,5.49E-06,271.2457097
7/17/2014,3.97E-10,5.02E-05,1.48E-09,6.10E-05,1.45E-06,8.89E-10,6.14E-06,4.69E-06,271.3155429
7/18/2014,4.74E-10,3.98E-05,1.75E-09,4.88E-05,1.29E-06,9.25E-10,5.14E-06,3.82E-06,268.4057439
7/19/2014,4.39E-10,6.12E-05,1.65E-09,7.27E-05,1.30E-06,9.68E-10,5.91E-06,5.56E-06,271.497893
7/20/2014,3.79E-10,8.88E-05,1.43E-09,0.000102023,1.15E-06,8.99E-10,6.63E-06,6.63E-06,271.7083715
7/21/2014,3.49E-10,8.20E-05,1.30E-09,9.51E-05,1.11E-06,9.02E-10,7.05E-06,5.99E-06,272.2020213
7/22/2014,3.34E-10,8.90E-05,1.23E-09,0.00010003,1.14E-06,9.83E-10,6.22E-06,4.85E-06,273.1402067
7/23/2014,3.33E-10,6.60E-05,1.24E-09,7.49E-05,9.61E-07,8.39E-10,5.76E-06,3.11E-06,266.5734584
7/24/2014,3.88E-10,6.57E-05,1.49E-09,7.46E-05,9.13E-07,7.84E-10,5.04E-06,3.90E-06,269.825414
7/25/2014,4.04E-10,4.94E-05,1.57E-09,5.81E-05,1.19E-06,8.80E-10,4.40E-06,4.26E-06,272.7995669
7/26/2014,5.12E-10,4.51E-05,1.88E-09,5.33E-05,1.46E-06,1.01E-09,4.70E-06,3.53E-06,271.8064982
7/27/2014,4.53E-10,4.99E-05,1.59E-09,5.79E-05,1.29E-06,9.71E-10,5.10E-06,2.87E-06,272.7159373
7/28/2014,4.12E-10,8.39E-05,1.51E-09,9.51E-05,1.38E-06,8.64E-10,7.44E-06,3.79E-06,276.7544098
7/29/2014,4.25E-10,6.72E-05,1.58E-09,7.73E-05,1.22E-06,1.11E-09,6.14E-06,4.03E-06,276.2708244
7/30/2014,3.52E-10,4.86E-05,1.30E-09,5.67E-05,9.59E-07,9.61E-10,5.28E-06,2.82E-06,269.9181391
7/31/2014,3.81E-10,5.21E-05,1.43E-09,5.89E-05,8.66E-07,8.08E-10,4.37E-06,2.44E-06,267.1103872
8/1/2014,3.85E-10,4.21E-05,1.38E-09,4.84E-05,8.99E-07,8.35E-10,3.64E-06,2.64E-06,268.0576897
8/2/2014,4.21E-10,4.31E-05,1.55E-09,5.02E-05,1.04E-06,9.35E-10,4.10E-06,3.01E-06,267.6942622
8/3/2014,3.47E-10,3.28E-05,1.24E-09,3.80E-05,1.06E-06,8.91E-10,3.50E-06,1.78E-06,268.6176402
8/4/2014,3.53E-10,4.77E-05,1.28E-09,5.44E-05,9.89E-07,9.96E-10,4.38E-06,2.32E-06,269.3713099
8/5/2014,3.56E-10,4.46E-05,1.31E-09,5.06E-05,1.04E-06,9.36E-10,3.63E-06,2.38E-06,269.1583417
8/6/2014,4.27E-10,3.32E-05,1.57E-09,3.90E-05,1.00E-06,8.57E-10,3.84E-06,2.02E-06,269.6379306
8/7/2014,5.20E-10,3.28E-05,1.87E-09,3.79E-05,9.63E-07,1.21E-09,3.71E-06,1.41E-06,272.29761
8/8/2014,5.13E-10,4.42E-05,1.88E-09,5.00E-05,1.03E-06,1.08E-09,3.90E-06,1.88E-06,270.2349434
8/9/2014,6.13E-10,6.08E-05,2.18E-09,7.17E-05,1.14E-06,1.12E-09,5.97E-06,4.99E-06,269.7787844
8/10/2014,6.11E-10,3.57E-05,2.22E-09,4.25E-05,1.17E-06,1.16E-09,4.60E-06,2.18E-06,266.1866112
8/11/2014,6.28E-10,2.04E-05,2.23E-09,2.66E-05,1.17E-06,1.05E-09,4.22E-06,2.05E-06,267.8209254
8/12/2014,5.63E-10,2.01E-05,2.03E-09,2.56E-05,1.03E-06,1.01E-09,3.68E-06,1.85E-06,266.0214996
8/13/2014,5.65E-10,2.76E-05,2.13E-09,3.41E-05,1.34E-06,1.10E-09,4.32E-06,2.15E-06,266.8240941
8/14/2014,6.73E-10,3.42E-05,2.51E-09,4.17E-05,1.18E-06,1.13E-09,4.59E-06,2.92E-06,268.8219961
8/15/2014,6.87E-10,4.58E-05,2.59E-09,5.44E-05,1.02E-06,1.36E-09,4.81E-06,3.75E-06,270.2186394
8/16/2014,8.07E-10,6.24E-05,3.07E-09,7.87E-05,1.13E-06,1.53E-09,6.95E-06,9.37E-06,268.8995539
8/17/2014,1.09E-09,3.53E-05,4.23E-09,4.43E-05,1.24E-06,1.72E-09,5.52E-06,3.48E-06,270.4759382
8/18/2014,1.38E-09,2.57E-05,5.17E-09,3.38E-05,1.45E-06,2.35E-09,6.23E-06,1.92E-06,271.2218005
8/19/2014,1.07E-09,1.47E-05,4.21E-09,2.42E-05,3.47E-06,3.86E-09,6.90E-06,2.57E-06,268.7930094
8/20/2014,1.26E-09,1.18E-05,5.07E-09,2.19E-05,4.64E-06,3.83E-09,7.41E-06,2.64E-06,267.1348216
8/21/2014,1.05E-09,1.46E-05,4.18E-09,2.72E-05,4.61E-06,4.01E-09,8.38E-06,4.18E-06,267.6588427
8/22/2014,6.32E-10,7.97E-06,2.51E-09,1.85E-05,2.89E-06,2.41E-09,6.13E-06,4.38E-06,269.1799227
8/23/2014,6.72E-10,6.61E-06,2.68E-09,1.44E-05,2.46E-06,2.43E-09,4.88E-06,2.89E-06,268.0056381
8/24/2014,7.91E-10,2.91E-06,2.97E-09,7.33E-06,1.27E-06,1.34E-09,3.37E-06,1.05E-06,267.4824791
8/25/2014,7.45E-10,6.36E-06,2.75E-09,1.04E-05,1.01E-06,1.08E-09,3.03E-06,9.95E-07,270.0554136
8/26/2014,5.99E-10,5.84E-06,2.28E-09,1.01E-05,1.01E-06,9.37E-10,3.66E-06,5.85E-07,265.0912514
8/27/2014,6.26E-10,2.98E-06,2.32E-09,5.76E-06,8.16E-07,9.05E-10,2.37E-06,4.10E-07,270.6407305
8/28/2014,4.93E-10,5.21E-06,1.89E-09,8.52E-06,6.51E-07,7.92E-10,2.75E-06,5.59E-07,268.9950256
8/29/2014,4.38E-10,5.43E-06,1.71E-09,9.39E-06,8.09E-07,7.71E-10,3.11E-06,8.41E-07,269.7518425
8/30/2014,3.38E-10,6.51E-06,1.34E-09,1.06E-05,9.30E-07,7.74E-10,3.27E-06,7.84E-07,269.0693906
8/31/2014,4.23E-10,7.35E-06,1.63E-09,1.13E-05,8.78E-07,8.02E-10,3.08E-06,8.78E-07,268.1522725
9/1/2014,5.51E-10,7.35E-06,2.08E-09,1.19E-05,1.03E-06,8.81E-10,3.16E-06,1.39E-06,267.7996457
9/2/2014,6.01E-10,1.06E-05,2.31E-09,1.53E-05,1.19E-06,1.03E-09,3.26E-06,1.40E-06,265.9709791
9/3/2014,5.90E-10,9.96E-06,2.22E-09,1.42E-05,9.95E-07,8.41E-10,2.96E-06,1.29E-06,270.7282791
9/4/2014,6.39E-10,8.79E-06,2.46E-09,1.27E-05,8.86E-07,1.11E-09,2.99E-06,9.05E-07,271.2213885
9/5/2014,5.35E-10,1.05E-05,2.06E-09,1.44E-05,8.26E-07,9.49E-10,3.26E-06,5.87E-07,268.4093933
9/6/2014,5.48E-10,1.12E-05,2.03E-09,1.52E-05,7.15E-07,8.91E-10,3.35E-06,6.51E-07,266.1963005
9/7/2014,5.80E-10,1.68E-05,2.15E-09,2.20E-05,8.46E-07,8.81E-10,4.17E-06,9.91E-07,270.7690811
9/8/2014,5.52E-10,3.00E-05,2.20E-09,3.91E-05,1.02E-06,9.75E-10,5.66E-06,3.49E-06,269.1675402
9/9/2014,5.98E-10,2.10E-05,2.52E-09,2.85E-05,1.11E-06,1.04E-09,4.98E-06,2.54E-06,268.2682966
9/10/2014,6.02E-10,2.12E-05,2.39E-09,2.84E-05,1.02E-06,8.15E-10,4.88E-06,2.39E-06,270.3277181
9/11/2014,6.39E-10,2.24E-05,2.63E-09,3.09E-05,1.03E-06,9.73E-10,5.70E-06,2.85E-06,267.9419212
9/12/2014,6.73E-10,1.71E-05,2.84E-09,2.50E-05,1.13E-06,1.12E-09,5.56E-06,2.38E-06,275.2211533
9/13/2014,7.33E-10,1.34E-05,3.07E-09,2.13E-05,1.12E-06,1.17E-09,5.80E-06,2.09E-06,270.8870977
9/14/2014,8.06E-10,1.28E-05,3.20E-09,2.09E-05,9.83E-07,1.26E-09,5.86E-06,2.16E-06,264.9354935
9/15/2014,6.13E-10,1.00E-05,2.38E-09,1.56E-05,7.31E-07,9.93E-10,4.68E-06,8.83E-07,265.9413401
9/16/2014,5.94E-10,1.01E-05,2.34E-09,1.71E-05,8.05E-07,9.20E-10,6.28E-06,7.34E-07,264.7799416
9/17/2014,6.93E-10,1.04E-05,2.82E-09,1.90E-05,9.24E-07,9.58E-10,7.72E-06,8.34E-07,268.7211316
9/18/2014,7.46E-10,1.42E-05,3.09E-09,2.79E-05,7.01E-07,9.53E-10,1.27E-05,1.02E-06,267.7981618
9/19/2014,7.79E-10,1.30E-05,3.22E-09,2.36E-05,9.01E-07,1.13E-09,9.11E-06,1.55E-06,266.9592768
9/20/2014,7.23E-10,8.27E-06,2.98E-09,1.81E-05,8.90E-07,8.69E-10,8.86E-06,1.00E-06,265.3883553
9/21/2014,1.02E-09,9.55E-06,4.24E-09,2.25E-05,1.35E-06,1.38E-09,1.20E-05,8.96E-07,266.8912175
9/22/2014,1.11E-09,1.21E-05,4.88E-09,2.47E-05,2.07E-06,2.00E-09,1.08E-05,1.82E-06,268.2111053
9/23/2014,1.61E-09,1.33E-05,7.30E-09,2.84E-05,2.86E-06,2.77E-09,1.40E-05,1.14E-06,272.0797361
9/24/2014,2.03E-09,1.61E-05,9.18E-09,4.25E-05,3.32E-06,3.00E-09,2.44E-05,2.05E-06,272.9617971
9/25/2014,1.29E-09,9.61E-06,5.57E-09,2.68E-05,2.76E-06,1.99E-09,1.42E-05,2.95E-06,272.7583275
9/26/2014,1.06E-09,6.36E-06,4.56E-09,1.90E-05,1.76E-06,1.32E-09,9.83E-06,2.82E-06,268.2283312
9/27/2014,8.28E-10,2.30E-06,3.36E-09,9.08E-06,1.52E-06,1.76E-09,5.68E-06,1.10E-06,267.5652122
9/28/2014,8.93E-10,2.85E-06,3.72E-09,9.59E-06,1.34E-06,1.26E-09,6.12E-06,6.15E-07,262.5768992
9/29/2014,7.61E-10,1.30E-06,2.98E-09,5.98E-06,1.28E-06,1.34E-09,4.22E-06,4.56E-07,264.8535474
9/30/2014,9.03E-10,4.32E-06,3.92E-09,1.19E-05,1.65E-06,1.27E-09,6.68E-06,9.10E-07,265.1252861
10/1/2014,8.58E-10,4.20E-06,3.66E-09,1.11E-05,1.98E-06,2.06E-09,6.10E-06,7.61E-07,268.2024485
10/2/2014,1.31E-09,1.73E-05,6.01E-09,3.63E-05,2.84E-06,2.18E-09,1.76E-05,1.30E-06,268.7481524
10/3/2014,1.64E-09,1.91E-05,7.56E-09,4.23E-05,2.73E-06,2.26E-09,2.20E-05,1.21E-06,267.4956296
10/4/2014,1.55E-09,1.65E-05,7.11E-09,3.94E-05,2.88E-06,2.86E-09,2.21E-05,7.47E-07,271.004289
10/5/2014,2.08E-09,2.24E-05,9.65E-09,5.26E-05,4.24E-06,3.91E-09,2.94E-05,8.02E-07,268.2745552
10/6/2014,2.36E-09,2.37E-05,1.10E-08,5.79E-05,4.17E-06,3.58E-09,3.38E-05,4.78E-07,270.6106033
10/7/2014,2.00E-09,1.84E-05,8.98E-09,4.13E-05,2.87E-06,2.72E-09,2.26E-05,3.04E-07,268.7551181
10/8/2014,1.69E-09,1.38E-05,7.61E-09,3.13E-05,1.61E-06,1.92E-09,1.67E-05,8.93E-07,261.9559657
10/9/2014,1.25E-09,5.35E-06,5.74E-09,1.75E-05,1.42E-06,1.94E-09,1.10E-05,1.09E-06,262.3867849
10/10/2014,1.23E-09,4.57E-06,5.73E-09,1.81E-05,1.85E-06,2.32E-09,1.24E-05,1.15E-06,265.2809372
10/11/2014,1.36E-09,7.14E-06,6.24E-09,3.69E-05,5.50E-06,3.06E-09,2.84E-05,1.29E-06,262.3971545
10/12/2014,1.92E-09,1.04E-05,8.60E-09,3.87E-05,8.99E-06,5.86E-09,2.53E-05,3.00E-06,261.5124652
10/13/2014,1.67E-09,1.51E-05,7.21E-09,3.39E-05,5.09E-06,3.12E-09,1.62E-05,2.55E-06,259.0201594
10/14/2014,1.68E-09,9.12E-06,7.19E-09,3.26E-05,5.47E-06,3.38E-09,1.96E-05,3.95E-06,262.1978569
10/15/2014,1.02E-09,3.33E-06,4.33E-09,1.56E-05,1.62E-06,1.13E-09,9.66E-06,2.62E-06,266.3407326
10/16/2014,8.18E-10,1.85E-06,3.35E-09,8.27E-06,1.46E-06,1.28E-09,5.54E-06,8.74E-07,261.2729568
10/17/2014,6.02E-10,1.49E-06,2.33E-09,6.78E-06,1.17E-06,1.01E-09,4.51E-06,7.73E-07,261.2892049
10/18/2014,5.70E-10,5.41E-07,2.18E-09,3.06E-06,3.81E-07,4.50E-10,2.31E-06,2.07E-07,260.0046476
10/19/2014,5.06E-10,9.77E-07,2.06E-09,3.57E-06,2.74E-07,3.74E-10,2.40E-06,1.91E-07,258.0592855
10/20/2014,7.66E-10,2.24E-06,3.30E-09,5.81E-06,4.84E-07,8.40E-10,3.12E-06,4.40E-07,255.9872195
10/21/2014,1.04E-09,7.34E-06,4.37E-09,1.60E-05,1.18E-06,1.29E-09,6.66E-06,2.01E-06,256.1114928
10/22/2014,8.84E-10,7.03E-06,3.66E-09,1.47E-05,6.30E-07,6.74E-10,6.03E-06,1.64E-06,260.3246651
10/23/2014,6.67E-10,2.31E-06,2.51E-09,6.40E-06,5.74E-07,4.72E-10,3.53E-06,5.59E-07,261.327507
10/24/2014,8.62E-10,1.27E-06,3.27E-09,6.49E-06,5.66E-07,6.76E-10,4.79E-06,4.33E-07,262.5582784
10/25/2014,1.18E-09,1.93E-06,4.86E-09,1.10E-05,1.61E-06,1.99E-09,8.67E-06,4.34E-07,260.8836365
10/26/2014,1.63E-09,3.54E-06,6.74E-09,1.01E-05,6.38E-07,1.02E-09,6.12E-06,4.30E-07,259.787796
10/27/2014,1.22E-09,4.50E-06,5.28E-09,1.08E-05,4.79E-07,6.25E-10,5.98E-06,3.01E-07,259.5271937
10/28/2014,9.74E-10,3.51E-06,4.49E-09,1.05E-05,7.42E-07,7.99E-10,6.44E-06,5.28E-07,260.6878319
10/29/2014,1.12E-09,5.52E-06,5.31E-09,1.66E-05,1.14E-06,9.70E-10,1.03E-05,7.81E-07,260.6668943
10/30/2014,1.66E-09,1.04E-05,7.95E-09,2.29E-05,1.74E-06,1.98E-09,1.14E-05,1.15E-06,260.5585086
10/31/2014,1.91E-09,1.25E-05,9.20E-09,2.39E-05,2.01E-06,2.73E-09,1.04E-05,9.52E-07,259.639576
11/1/2014,1.99E-09,1.04E-05,9.73E-09,2.16E-05,2.29E-06,4.21E-09,9.75E-06,1.36E-06,256.4662857
11/2/2014,2.21E-09,1.69E-05,1.10E-08,2.93E-05,3.06E-06,4.14E-09,1.12E-05,1.23E-06,255.5415827
11/3/2014,2.30E-09,2.01E-05,1.16E-08,3.17E-05,3.79E-06,5.57E-09,1.07E-05,8.87E-07,250.7419173
11/4/2014,2.16E-09,2.54E-05,1.10E-08,4.08E-05,6.52E-06,6.06E-09,1.44E-05,9.50E-07,258.7272854
11/5/2014,2.03E-09,2.66E-05,1.04E-08,4.26E-05,5.43E-06,5.12E-09,1.44E-05,1.55E-06,259.2808463
11/6/2014,2.45E-09,3.56E-05,1.26E-08,5.61E-05,6.26E-06,4.66E-09,1.92E-05,1.36E-06,257.1068001
11/7/2014,2.50E-09,3.60E-05,1.26E-08,5.94E-05,5.45E-06,3.98E-09,2.17E-05,1.78E-06,257.5914694
11/8/2014,2.40E-09,2.62E-05,1.20E-08,4.44E-05,5.56E-06,4.27E-09,1.66E-05,1.60E-06,259.0258586
11/9/2014,2.13E-09,3.09E-05,1.07E-08,5.44E-05,6.45E-06,4.06E-09,2.08E-05,2.66E-06,260.5428823
11/10/2014,2.30E-09,2.49E-05,1.10E-08,5.74E-05,2.75E-06,1.92E-09,3.06E-05,1.84E-06,259.1759644
11/11/2014,1.01E-09,5.54E-06,4.61E-09,1.38E-05,1.03E-06,8.72E-10,7.44E-06,8.33E-07,253.9711151
11/12/2014,5.43E-10,2.05E-06,2.27E-09,4.17E-06,2.46E-07,2.78E-10,1.57E-06,5.49E-07,252.0782178
11/13/2014,5.61E-10,1.48E-06,2.05E-09,3.39E-06,3.08E-07,3.06E-10,1.32E-06,5.97E-07,246.7743397
11/14/2014,7.76E-10,1.78E-06,3.12E-09,4.41E-06,5.59E-07,5.28E-10,2.31E-06,3.26E-07,250.2039223
11/15/2014,9.45E-10,5.67E-06,4.19E-09,1.05E-05,7.14E-07,4.84E-10,3.90E-06,9.52E-07,255.3976173
11/16/2014,1.28E-09,1.06E-05,5.98E-09,1.98E-05,1.20E-06,9.37E-10,7.86E-06,1.41E-06,253.9234829
11/17/2014,2.07E-09,1.56E-05,1.02E-08,3.00E-05,1.43E-06,9.12E-10,1.31E-05,1.26E-06,255.1129036
11/18/2014,1.56E-09,8.18E-06,7.57E-09,1.76E-05,9.05E-07,6.92E-10,8.04E-06,1.41E-06,256.5465329
11/19/2014,1.59E-09,9.33E-06,7.68E-09,1.98E-05,7.98E-07,6.33E-10,8.77E-06,1.70E-06,255.1005351
11/20/2014,1.38E-09,8.15E-06,6.62E-09,1.71E-05,7.53E-07,6.31E-10,7.20E-06,1.72E-06,253.4255568
11/21/2014,1.51E-09,9.20E-06,6.95E-09,1.93E-05,6.80E-07,7.27E-10,8.68E-06,1.39E-06,251.7230994
11/22/2014,1.45E-09,9.53E-06,6.55E-09,2.06E-05,5.70E-07,5.65E-10,9.73E-06,1.29E-06,252.214187
11/23/2014,1.26E-09,4.48E-06,5.89E-09,1.13E-05,6.63E-07,5.93E-10,5.74E-06,1.07E-06,249.6005802
11/24/2014,1.39E-09,5.46E-06,6.53E-09,1.30E-05,4.32E-07,4.65E-10,6.44E-06,1.10E-06,248.5965468
11/25/2014,2.01E-09,8.92E-06,9.39E-09,2.24E-05,8.21E-07,8.93E-10,1.14E-05,2.08E-06,248.4770635
11/26/2014,2.16E-09,8.20E-06,9.79E-09,2.27E-05,1.33E-06,1.07E-09,1.23E-05,2.24E-06,248.4984404
11/27/2014,2.12E-09,6.14E-06,9.75E-09,1.69E-05,2.21E-06,2.22E-09,9.64E-06,1.14E-06,246.6679815
11/28/2014,2.02E-09,4.72E-06,9.46E-09,1.34E-05,2.31E-06,3.43E-09,7.31E-06,1.40E-06,247.0782153
11/29/2014,3.26E-09,8.08E-06,1.49E-08,2.28E-05,2.54E-06,4.18E-09,1.23E-05,2.45E-06,244.9970061
11/30/2014,1.77E-09,4.75E-06,8.29E-09,1.33E-05,2.50E-06,4.10E-09,6.38E-06,2.15E-06,246.4017576
12/1/2014,1.31E-09,4.54E-06,5.96E-09,1.21E-05,1.59E-06,1.85E-09,5.32E-06,2.23E-06,248.0512212
12/2/2014,1.51E-09,5.37E-06,6.87E-09,1.38E-05,1.89E-06,2.17E-09,6.67E-06,1.78E-06,246.9277623
12/3/2014,1.58E-09,6.56E-06,7.17E-09,1.62E-05,4.32E-06,3.67E-09,8.40E-06,1.20E-06,243.2612063
12/4/2014,1.59E-09,6.03E-06,7.23E-09,1.45E-05,3.89E-06,3.02E-09,7.83E-06,6.34E-07,245.2556152
12/5/2014,1.86E-09,6.68E-06,8.34E-09,1.88E-05,2.75E-06,2.04E-09,1.09E-05,1.21E-06,242.4708201
12/6/2014,1.78E-09,5.22E-06,7.88E-09,1.35E-05,5.90E-07,6.63E-10,7.45E-06,8.74E-07,241.4839948
12/7/2014,1.99E-09,5.12E-06,8.83E-09,1.46E-05,6.71E-07,7.07E-10,8.22E-06,1.24E-06,243.3083102
12/8/2014,2.04E-09,4.86E-06,8.85E-09,1.33E-05,6.97E-07,6.59E-10,7.62E-06,8.56E-07,244.9815
12/9/2014,1.49E-09,4.32E-06,6.21E-09,1.21E-05,4.41E-07,4.44E-10,6.99E-06,8.08E-07,248.5796954
12/10/2014,7.57E-10,1.24E-06,2.97E-09,4.34E-06,5.45E-07,4.44E-10,2.82E-06,2.76E-07,242.9673564
12/11/2014,6.93E-10,4.11E-07,2.67E-09,2.48E-06,6.06E-07,5.89E-10,1.90E-06,1.62E-07,241.8360252
12/12/2014,8.14E-10,1.71E-06,3.21E-09,6.36E-06,4.59E-07,4.19E-10,3.37E-06,1.28E-06,242.9254773
12/13/2014,9.83E-10,2.95E-06,3.82E-09,8.90E-06,4.41E-07,4.86E-10,4.42E-06,1.53E-06,241.9199244
12/14/2014,1.26E-09,2.91E-06,5.33E-09,1.33E-05,6.60E-07,6.58E-10,7.67E-06,2.74E-06,242.9891955
12/15/2014,1.05E-09,2.00E-06,4.50E-09,7.84E-06,4.87E-07,4.18E-10,4.84E-06,9.91E-07,241.7053172
12/16/2014,8.62E-10,3.17E-06,3.58E-09,9.08E-06,3.37E-07,3.43E-10,4.52E-06,1.38E-06,242.6961823
12/17/2014,1.13E-09,4.42E-06,4.40E-09,1.37E-05,5.86E-07,4.75E-10,7.74E-06,1.52E-06,242.6487757
12/18/2014,8.95E-10,2.83E-06,3.30E-09,9.34E-06,4.31E-07,3.94E-10,4.70E-06,1.80E-06,239.4876823
12/19/2014,1.74E-09,3.57E-06,7.11E-09,1.71E-05,4.63E-07,3.57E-10,9.29E-06,4.19E-06,239.6915474
12/20/2014,2.16E-09,4.05E-06,9.13E-09,1.95E-05,1.20E-06,1.12E-09,1.15E-05,3.97E-06,237.0391363
12/21/2014,1.77E-09,4.87E-06,7.58E-09,2.17E-05,1.79E-06,9.08E-10,1.35E-05,3.36E-06,238.1331571
12/22/2014,1.51E-09,4.49E-06,6.44E-09,1.57E-05,5.93E-07,4.98E-10,8.85E-06,2.35E-06,241.8452797
12/23/2014,1.21E-09,4.12E-06,5.24E-09,1.68E-05,5.54E-07,3.64E-10,1.00E-05,2.64E-06,243.5660998
12/24/2014,1.50E-09,3.50E-06,6.45E-09,1.47E-05,4.68E-07,4.07E-10,8.79E-06,2.35E-06,247.2355207
12/25/2014,1.73E-09,3.41E-06,7.59E-09,1.33E-05,1.27E-06,1.86E-09,8.52E-06,1.37E-06,246.461132
12/26/2014,2.53E-09,3.56E-06,1.09E-08,1.78E-05,3.33E-06,3.86E-09,1.27E-05,1.55E-06,244.3057861
12/27/2014,3.13E-09,3.60E-06,1.33E-08,2.21E-05,2.68E-06,2.78E-09,1.65E-05,2.02E-06,243.3161634
12/28/2014,2.06E-09,3.50E-06,8.27E-09,1.53E-05,4.57E-07,6.39E-10,8.91E-06,2.86E-06,238.3045807
12/29/2014,1.73E-09,2.58E-06,6.71E-09,9.21E-06,3.56E-07,8.64E-10,5.01E-06,1.61E-06,238.3575376
12/30/2014,1.37E-09,2.82E-06,5.57E-09,1.09E-05,6.45E-07,7.60E-10,6.43E-06,1.68E-06,241.9948794
